1,Santa Clara Conjunto Residencial - Valle de Los Chillos,Los Chillos, Quito,USD 126.000,500 m² totales,/logo_dk-terra_1552945436189.jpg,/125122205.jpg,,Venta,Inmediata
2,Manto Verde - Lotes Unifamiliares y Bifamiliares Desde 900 m² a 1200 m²,Cumbayá, Quito,USD 235.300,900 a 1161 m² totales,/logo_alvarez-bravo_1543873550569.jpg,/230151387.jpg,,Venta,Inmediata
3,Venta Lotes Urbanizados en Quito con Vista a Valles Cerca Campus Uide,Los Chillos, Quito,USD 78.000,516 a 77762 m² totales,/logo_renazzo_9.jpg,/230119175.jpg,,Venta,Diciembre 2020
4,Proyecto Urb. Campestre "Campo Azul" - Ruta Viva - Desde $108.900,El Quinche, Quito,USD 108.947,1282 a 2113 m² totales,/logo_info_1600786330728.jpg,/229118195.jpg,,Venta,Inmediata
5,Urbanizacion Privada - Terrenos en Venta Los Chillos,Los Chillos, Quito,USD 79.500,566 m² totales,/logo_proinmobiliaria_1601567320856.jpg,/230130515.jpg,,En planos,Inmediata
6,Urbanización Altos de La Colina Terrenos en Venta Sur de Quito,Vía Simón Bolivar, Quito,USD 21.500,210 m² totales,/logo_proinmobiliaria_1601567320856.jpg,/230130074.jpg,,En planos,Inmediata
7,El Belén Terrenos en Venta Desde $23.500,Sur de Quito, Quito,USD 25.000,200 m² totales,/logo_mutualista-pichincha.jpg,/logo_mutualista-pichincha.jpg,,Venta,Inmediata
8,Puembo - Villa Fontana, Espectacular Terreno en Venta de 527 m²,Puembo, Quito,USD 190.000,0 Baños,/logo_corporacion-vyasa_1552611954132.jpg,/logo_corporacion-vyasa_1552611954132.jpg,Publicado hace 30 días,,
9,Vendo Terreno de 2620 m² Tumbaco,Tumbaco, Quito,USD 315.000,0 Baños,/logo_propiedad-servicios-inmobiliarios_1592489362595.jpg,/logo_propiedad-servicios-inmobiliarios_1592489362595.jpg,Publicado hace 2 días,,
10,Hacienda La Pradera Lotes Ideales Para Casas de Campo,Los Chillos, Quito,USD 36.000,1 Baño,/logo_constructora-monge_1531453042006.jpg,/logo_constructora-monge_1531453042006.jpg,Publicado hace 271 días,,
11,Terreno en Pintag Ideales Para Inversion o Quinta,Los Chillos, Quito,USD 285.000,0 Baños,/logo_eugenia-wither_2.jpg,/logo_eugenia-wither_2.jpg,Publicado hace 275 días,,
12,Llano Chico 1.140 m² Urbanización El Arupo, Av Simón Bolívar,Llano Chico, Quito,USD 131.100,0 Baños,/logo_ocivil-s.a._8.jpg,/logo_ocivil-s.a._8.jpg,Publicado hace más de 1 año,,
13,Terrenos de Venta en Pakakuna, Checa,Puembo, Quito,USD 157.927,0 Baños,/logo_inmovision_1540916909855.jpg,/logo_inmovision_1540916909855.jpg,Publicado hace 105 días,,
14,Hacienda La Pradera Lotes de Terreno Ideales Para Casa de Campo,Guayllabamba, Quito,USD 36.000,5 Estacionamientos,/logo_constructora-monge_1531453042006.jpg,/logo_constructora-monge_1531453042006.jpg,Publicado hace más de 1 año,,
15,Últimos Lotes Urbanizados en Puembo - Conjunto Residencial Plaza del Parque,Puembo, Quito,USD 96.137,0 Baños,/logo_88in-proyectos_2.jpg,/logo_88in-proyectos_2.jpg,Publicado hace más de 1 año,,
16,Terreno Dentro de Urbanización Privada - Puembo,Puembo, Quito,USD 184.855,0 Baños,/logo_moz_1557940078420.jpg,/logo_moz_1557940078420.jpg,Publicado hace más de 1 año,,
17,Cumbayá - Tanda, Hermoso Terreno en Venta, 850 m²,Nayón - Tanda, Quito,USD 200.000,0 Baños,/logo_corporacion-vyasa_1552611954132.jpg,/logo_corporacion-vyasa_1552611954132.jpg,Publicado hace 30 días,,
18,Oportunidad! Sangolqui/urb Banco de Fomento/ Terreno 778 m, Esquinero,Los Chillos, Quito,USD 61.000,0 Baños,/logo_lkec-constructora-s.a._1595360385196.jpg,/logo_lkec-constructora-s.a._1595360385196.jpg,Publicado hace más de 1 año,,
19,Tumbaco, en Venta 19.300 m. a 5 Km de La Ruta Viva, $650.000,Tumbaco, Quito,USD 650.000,0 Baños,/logo_lkec-constructora-s.a._1595360385196.jpg,/logo_lkec-constructora-s.a._1595360385196.jpg,Publicado hace más de 1 año,,
20,Checa Terreno en Venta (Plano),Checa, Quito,USD 255.000,0 Baños,/logo_mari-a-de-los-angeles-salvador_1528210855243.jpg,/logo_mari-a-de-los-angeles-salvador_1528210855243.jpg,Publicado hace 66 días,,
21,Terraviva, Lote de Terreno de Venta, Tumbaco / Chiviqui,Tumbaco, Quito,USD 291.890,0 Baños,/logo_andino-y-asociados_1576098145830.jpg,/logo_andino-y-asociados_1576098145830.jpg,Publicado hace más de 1 año,,
22,Terreno Ideal Para Proyecto Habitacional, Puembo (Cos 50/100),Puembo, Quito,USD 850.000,0 Baños,/logo_freddy-cabrera_5.jpg,/logo_freddy-cabrera_5.jpg,Publicado hace más de 1 año,,
23,Vendo 2 Terrenos en Puembo Distintas Dimensiones,Puembo, Quito,USD 131.993,0 Baños,/placeholder-img.png,/placeholder-img.png,Publicado hace 65 días,,
24,Venta Hermoso Terreno Urb Privada,Los Chillos, Quito,USD 83.000,0 Baños,/placeholder-img.png,/placeholder-img.png,Publicado hace 15 días,,
25,Venta Terreno $295.000 - Sector La Viña,Tumbaco, Quito,USD 295.000,0 Baños,/logo_inmoimpakto-inmobiliaria_1600984048693.jpg,/logo_inmoimpakto-inmobiliaria_1600984048693.jpg,Publicado hace 61 días,,
26,Terraviva, Lote de Terreno de Venta, Tumbaco / Chiviqui,Tumbaco, Quito,USD 291.890,0 Baños,/logo_andino-y-asociados_1576098145830.jpg,/logo_andino-y-asociados_1576098145830.jpg,Publicado hace más de 1 año,,
27,Oportunidad! Sangolqui/urb Banco de Fomento/ Terreno 778 m, Esquinero,Los Chillos, Quito,USD 61.000,0 Baños,/logo_lkec-constructora-s.a._1595360385196.jpg,/logo_lkec-constructora-s.a._1595360385196.jpg,Publicado hace más de 1 año,,
28,Checa Terreno en Venta (Plano),Checa, Quito,USD 255.000,0 Baños,/logo_mari-a-de-los-angeles-salvador_1528210855243.jpg,/logo_mari-a-de-los-angeles-salvador_1528210855243.jpg,Publicado hace 66 días,,
29,Tumbaco - Collaqui - Vendo Terreno Urbanización - Areas Comunales,Tumbaco, Quito,USD 192.681,0 Baños,/placeholder-img.png,/placeholder-img.png,Publicado hace 89 días,,
30,Tumbaco - Collaquí, Para Urbanizadores, Hermoso Terreno en Venta, 10.000 m²,Tumbaco, Quito,USD 1.250.000,0 Baños,/logo_corporacion-vyasa_1552611954132.jpg,/logo_corporacion-vyasa_1552611954132.jpg,Publicado hace 30 días,,
31,Se Vende Lote Esquinero con Tres Frentes en Urbanización Privada en El Valle,Los Chillos, Quito,USD 115.000,0 Baños,/logo_constructora-monge_1531453042006.jpg,/logo_constructora-monge_1531453042006.jpg,Publicado hace 32 días,,
32,Terreno Dentro de Urbanización Privada - Puembo,Puembo, Quito,USD 184.855,0 Baños,/logo_moz_1557940078420.jpg,/logo_moz_1557940078420.jpg,Publicado hace más de 1 año,,
33,Cumbayá - Tanda, Hermoso Terreno en Venta, 850 m²,Nayón - Tanda, Quito,USD 200.000,0 Baños,/logo_corporacion-vyasa_1552611954132.jpg,/logo_corporacion-vyasa_1552611954132.jpg,Publicado hace 30 días,,
34,Tumbaco Terrenos en Venta en Urbanizacion Privada Nueva. Via Intervalles,Tumbaco, Quito,USD 246.400,0 Baños,/logo_mari-a-de-los-angeles-salvador_1528210855243.jpg,/logo_mari-a-de-los-angeles-salvador_1528210855243.jpg,Publicado hace más de 1 año,,
35,Vende Terreno en Urbanización de Primera Sector Pacho Salas,Tumbaco, Quito,USD 299.570,0 Baños,/logo_arm-bienes-raices_1602033663741.jpg,/logo_arm-bienes-raices_1602033663741.jpg,Publicado hace 283 días,,
36,Puembo - Villa Fontana, Espectacular Terreno en Venta de 527 m²,Puembo, Quito,USD 190.000,0 Baños,/logo_corporacion-vyasa_1552611954132.jpg,/logo_corporacion-vyasa_1552611954132.jpg,Publicado hace 30 días,,
37,Se Vende Terreno de 987 m² con Dos Frentes Ponceano.,Ponceano, Quito,USD 493.550,0 Baños,/logo_constructora-monge_1531453042006.jpg,/logo_constructora-monge_1531453042006.jpg,Publicado hace 225 días,,
38,El Condado Terreno de Oportunidad,El Condado, Quito,USD 140.000,0 Baños,,,Publicado hace más de 1 año,,
39,Terrenos de Venta en Pakakuna, Checa,Puembo, Quito,USD 157.927,0 Baños,/logo_inmovision_1540916909855.jpg,/logo_inmovision_1540916909855.jpg,Publicado hace 105 días,,
40,Vendo Excelente Terreno Bien Ubicado en El Sector de Santa Lucia. Apto Para El Desarrollo de Proyec,Norte de Quito, Quito,USD 604.999,0 Baños,/logo_inmoimpakto-inmobiliaria_1600984048693.jpg,/logo_inmoimpakto-inmobiliaria_1600984048693.jpg,Publicado hace 83 días,,
41,Terreno en Pintag Ideales Para Inversion o Quinta,Los Chillos, Quito,USD 285.000,0 Baños,/logo_eugenia-wither_2.jpg,/logo_eugenia-wither_2.jpg,Publicado hace 275 días,,
42,Hacienda La Pradera Lotes de Terreno Ideales Para Casa de Campo,Guayllabamba, Quito,USD 36.000,5 Estacionamientos,/logo_constructora-monge_1531453042006.jpg,/logo_constructora-monge_1531453042006.jpg,Publicado hace más de 1 año,,
43,Venta de Terreno en Conocoto Sector El Chamizal,Conocoto, Quito,USD 140.000,0 Baños,/logo_re-max-capital_1536878679517.jpg,/logo_re-max-capital_1536878679517.jpg,Publicado desde ayer,,
44,Vendo Amplio Terreno de 220 m² Ubicado en Sector Comercial La Florida,Norte de Quito, Quito,USD 150.000,5 Estacionamientos,/placeholder-img.png,/placeholder-img.png,Publicado hace 82 días,,
45,Terreno en Calle Principal de La Josefina,Carcelén, Quito,USD 60.000,0 Baños,/placeholder-img.png,/placeholder-img.png,Publicado hace 38 días,,
46,Vendo Hermoso Terreno en Cumbaya Sector Colegio Menor,Cumbayá, Quito,USD 360.000,0 Baños,/logo_re-max-asesoria-inmobiliaria_1538597763759.jpg,/logo_re-max-asesoria-inmobiliaria_1538597763759.jpg,Publicado hace 93 días,,
47,Venta de Terreno en La Merced 1106 m²,Los Chillos, Quito,USD 55.000,0 Baños,/logo_remax-100_1539119191357.jpg,/logo_remax-100_1539119191357.jpg,Publicado hace 89 días,,
48,Lindo Terreno Totalmente Plano, con Cerramiento y Construcción en Calderón,Calderón, Quito,USD 60.000,0 Baños,/logo_carolina-herrera_1540322349578.jpg,/logo_carolina-herrera_1540322349578.jpg,Publicado hace 24 días,,
49,Vendo Terreno Sector San Antonio de Pichinca,Mitad del Mundo, Quito,USD 206.732,1 Baño,/logo_re-max-asesoria-inmobiliaria_1538597763759.jpg,/logo_re-max-asesoria-inmobiliaria_1538597763759.jpg,Publicado hace 3 días,,
50,Vendo Terreno Comercial Centro Norte en La Av 6 de Diciembre 2848 m²,El Inca, Quito,USD 1.528.000,60 Estacionamientos,/logo_juan-carlos-torres.jpg,/logo_juan-carlos-torres.jpg,Publicado hace 297 días,,
51,Terreno en Venta Excelente Ubicación Cumbaya,Cumbayá, Quito,USD 260.000,0 Baños,/logo_the-best_1543967424709.jpg,/logo_the-best_1543967424709.jpg,Publicado hace 71 días,,
52,Vendo un Terreno de 1200 m² en Cumbaya, Sector Colegio Aleman,Cumbayá, Quito,USD 420.000,0 Baños,/logo_re-max-asesoria-inmobiliaria_1538597763759.jpg,/logo_re-max-asesoria-inmobiliaria_1538597763759.jpg,Publicado hace 134 días,,
53,Vendo Lote en Urbanización Los Arrayanes Frente Al Golf 1206,69 m², Puembo,Puembo, Quito,USD 420.000,0 Baños,/placeholder-img.png,/placeholder-img.png,Publicado hace 21 días,,
54,En Venta Terreno Excelente Ubicacion 2200 m² - 0 9 9 9 9 2 9 8 1 9,Tumbaco, Quito,USD 346.000,1 Baño,/logo_diana-navas_1602880961810.jpg,/logo_diana-navas_1602880961810.jpg,Publicado hace 3 días,,
55,Vendo 13 Terrenos Urbanizados en Pedregal de Miranda Conocoto.,Conocoto, Quito,USD 28.000,2 Estacionamientos,/placeholder-img.png,/placeholder-img.png,Publicado hace más de 1 año,,
56,Ultimo Terreno Dentro de Urbanización de Lujo en Puembo,Puembo, Quito,USD 182.778,0 Baños,/logo_moz_1557940078420.jpg,/logo_moz_1557940078420.jpg,Publicado hace más de 1 año,,
57,Terreno de 2 Mil m en Tababela,Tababela, Quito,USD 138.000,0 Baños,/logo_remax-100_1539119191357.jpg,/logo_remax-100_1539119191357.jpg,Publicado hace 259 días,,
58,900 m² de Terreno Sector Las Balvinas Urbanizado y a La Via Principal con Buses,Los Chillos, Quito,USD 67.000,0 Baños,/logo_re-max-asesoria-inmobiliaria_1538597763759.jpg,/logo_re-max-asesoria-inmobiliaria_1538597763759.jpg,Publicado hace 57 días,,
59,Valle de Los Chillos - La Armenia, Terreno en Venta, 1.018,40 m² Lote No. 8,La Armenia, Quito,USD 162.944,0 Baños,/logo_corporacion-vyasa_1552611954132.jpg,/logo_corporacion-vyasa_1552611954132.jpg,Publicado hace 8 días,,
60,Vendo Terreno en Principal Zabala,Calderón, Quito,USD 58.000,0 Baños,/logo_maria-dolores-toledo-dominguez_0.jpg,/logo_maria-dolores-toledo-dominguez_0.jpg,Publicado hace 11 días,,
61,Terreno de Venta Quito Mastodontes,Carcelén, Quito,USD 135.000,0 Baños,/logo_re-max-ability_1536882413859.jpg,/logo_re-max-ability_1536882413859.jpg,Publicado hace 36 días,,
62,Argelia Alta - Venta Hermoso Terreno 980 m. Esquinero,San Bartolo, Quito,USD 85.500,0 Baños,/logo_bolsa-inmobiliaria-nacional_1552021719240.jpg,/logo_bolsa-inmobiliaria-nacional_1552021719240.jpg,Publicado hace 33 días,,
63,Terreno 2600 Mq San Antonio,Mitad del Mundo, Quito,USD 250.000,0 Baños,/logo_re-max-capital_1536878679517.jpg,/logo_re-max-capital_1536878679517.jpg,Publicado hace 335 días,,
64,Terreno en Venta en Ponceano Alto, 450 m²,Ponceano, Quito,USD 159.900,0 Baños,/logo_remax-100_1539119191357.jpg,/logo_remax-100_1539119191357.jpg,Publicado hace 90 días,,
65,Terreno en Venta!en Excelente Sector de Tumbaco!,Tumbaco, Quito,USD 220.000,0 Baños,/logo_re-max-ability_1536882413859.jpg,/logo_re-max-ability_1536882413859.jpg,Publicado hace 92 días,,
66,El Recreo - Av Maldonado, Excelente Terreno de Venta 2576 m²,El Recreo, Quito,USD 750.000,0 Baños,/logo_corporacion-vyasa_1552611954132.jpg,/logo_corporacion-vyasa_1552611954132.jpg,Publicado hace 104 días,,
67,Vendo Terreno Comercial Centro Norte en La Av 6 de Diciembre 2848 m²,El Inca, Quito,USD 1.528.000,60 Estacionamientos,/logo_juan-carlos-torres.jpg,/logo_juan-carlos-torres.jpg,Publicado hace 297 días,,
68,Vendo Terreno Sector San Antonio de Pichinca,Mitad del Mundo, Quito,USD 206.732,1 Baño,/logo_re-max-asesoria-inmobiliaria_1538597763759.jpg,/logo_re-max-asesoria-inmobiliaria_1538597763759.jpg,Publicado hace 3 días,,
69,Terreno I4 en Calacalí 31000,Norte de Quito, Quito,USD 1.999.000,0 Baños,/logo_re-max-capital_1536878679517.jpg,/logo_re-max-capital_1536878679517.jpg,Publicado hace 29 días,,
70,Terreno Esquinero 766 m² Quito Tennis,Centro Norte, Quito,USD 690.000,0 Baños,/logo_re-max-asesoria-inmobiliaria_1538597763759.jpg,/logo_re-max-asesoria-inmobiliaria_1538597763759.jpg,Publicado hace 109 días,,
71,Terreno en Venta - Tanda - Quito,Cumbayá, Quito,USD 349.000,0 Baños,/logo_bolsa-inmobiliaria-nacional_1552021719240.jpg,/logo_bolsa-inmobiliaria-nacional_1552021719240.jpg,Publicado hace 14 días,,
72,Venta Terreno Sector Mirasierra180 Mt $40,000 Urbanizado Propiedad Horizontal,Los Chillos, Quito,USD 40.000,0 Baños,/logo_bolsa-inmobiliaria-nacional_1552021719240.jpg,/logo_bolsa-inmobiliaria-nacional_1552021719240.jpg,Publicado hace 228 días,,
73,Venta de Terreno en Conocoto Sector El Chamizal,Conocoto, Quito,USD 140.000,0 Baños,/logo_re-max-capital_1536878679517.jpg,/logo_re-max-capital_1536878679517.jpg,Publicado desde ayer,,
74,Terreno en Venta en Cumbaya San Patricio,Cumbayá, Quito,USD 90.000,0 Baños,/logo_re-max-capital_1536878679517.jpg,/logo_re-max-capital_1536878679517.jpg,Publicado hace 139 días,,
75,Oportunidad Vendo Terreno Conocoto,Conocoto, Quito,USD 256.500.000,0 Baños,/placeholder-img.png,/placeholder-img.png,Publicado hoy,,
76,Excelente Propiedad Para Taller Automotriz, Concesionario o Empresa,Norte de Quito, Quito,USD 495.000,10 Estacionamientos,/logo_temp_inmobiliaria-ekinoxio.jpg,/logo_temp_inmobiliaria-ekinoxio.jpg,Publicado hace 61 días,,
77,Vendo Amplio Terreno de 220 m² Ubicado en Sector Comercial La Florida,Norte de Quito, Quito,USD 150.000,5 Estacionamientos,/placeholder-img.png,/placeholder-img.png,Publicado hace 82 días,,
78,Vendo o Arriendo Terreno Esquinero en Ponceano,Ponceano, Quito,USD 1.100.000,10 Estacionamientos,/logo_re-max-asesoria-inmobiliaria_1538597763759.jpg,/logo_re-max-asesoria-inmobiliaria_1538597763759.jpg,Publicado hoy,,
79,Terreno en Lomas de Monteserrín,Monteserrín, Quito,USD 420.000,0 Baños,/placeholder-img.png,/placeholder-img.png,Publicado hace 34 días,,
80,Re/max Capital Vende El Eden 3.262 Mtrs2 Terreno 43.50 Frente,Norte de Quito, Quito,USD 456.522,0 Baños,/logo_re-max-capital_1536878679517.jpg,/logo_re-max-capital_1536878679517.jpg,Publicado hace más de 1 año,,
81,Oportunidad Tumbaco Exclusivo $165.000,Tumbaco, Quito,USD 165.000,0 Baños,/logo_paulina-cruz_0.jpg,/logo_paulina-cruz_0.jpg,Publicado hace 8 días,,
82,Espectacular Terreno 2.500 m²,El Inca, Quito,USD 699.000,0 Baños,/logo_match-inmobiliaria_1596571732726.jpg,/logo_match-inmobiliaria_1596571732726.jpg,Publicado hace 78 días,,
83,Terreno en Oferta Mitad del Mundo Dos Has,Mitad del Mundo, Quito,USD 700.000,0 Baños,/logo_re-max-capital_1536878679517.jpg,/logo_re-max-capital_1536878679517.jpg,Publicado hace 123 días,,
84,Terreno Lotizado en Venta - Sector La Pampa - Mav,Mitad del Mundo, Quito,USD 931.000,0 Baños,/logo_remax-sol_1583189552262.jpg,/logo_remax-sol_1583189552262.jpg,Publicado hace 44 días,,
85,Conocoto Vendo Terreno 606 m² Pv,Los Chillos, Quito,USD 28.000,0 Baños,/logo_inmokasa_1554220831093.jpg,/logo_inmokasa_1554220831093.jpg,Publicado hace más de 1 año,,
86,De Oportunidad Terreno en Toctiuco,Centro de Quito, Quito,USD 19.000,0 Baños,/logo_remax-sol_1583189552262.jpg,/logo_remax-sol_1583189552262.jpg,Publicado hace 279 días,,
87,Vendo Hermoso Terreno en Cumbaya Sector Colegio Menor,Cumbayá, Quito,USD 360.000,0 Baños,/logo_re-max-asesoria-inmobiliaria_1538597763759.jpg,/logo_re-max-asesoria-inmobiliaria_1538597763759.jpg,Publicado hace 93 días,,
88,Se Vende Terreno Sur de Quito, Excelente Inversión,Quitumbe, Quito,USD 28.000,0 Baños,/logo_remax-100_1539119191357.jpg,/logo_remax-100_1539119191357.jpg,Publicado hace 266 días,,
89,Lotizacion Terrenos de Venta Sur de Quito,Quitumbe, Quito,USD 19.900,0 Baños,/logo_remax-100_1539119191357.jpg,/logo_remax-100_1539119191357.jpg,Publicado hace 321 días,,
90,Terreno de Venta Norte Cerca Al Centro Comercial El Portal,Norte de Quito, Quito,USD 83.000,2 Estacionamientos,/logo_re-max-asesoria-inmobiliaria_1538597763759.jpg,/logo_re-max-asesoria-inmobiliaria_1538597763759.jpg,Publicado hace 12 días,,
91,Terreno en Venta Sector Los Chillos,Los Chillos, Quito,USD 49.000,0 Baños,/logo_bolsa-inmobiliaria-nacional_1552021719240.jpg,/logo_bolsa-inmobiliaria-nacional_1552021719240.jpg,Publicado hace 51 días,,
92,Sangolqui, Terreno Urb. Banco Fomento 420 m²,Sangolqui, Quito,USD 45.000,0 Baños,/logo_re-max-capital_1536878679517.jpg,/logo_re-max-capital_1536878679517.jpg,Publicado hace 45 días,,
93,Terreno en Venta - Las Casas.,Las Casas, Quito,USD 228.000,0 Baños,/logo_re-max-capital_1536878679517.jpg,/logo_re-max-capital_1536878679517.jpg,Publicado hace 59 días,,
94,Terreno de Venta en El Valle de Los Chillos,Conocoto, Quito,USD 220.000,0 Baños,/logo_re-max-ability_1536882413859.jpg,/logo_re-max-ability_1536882413859.jpg,Publicado hace 120 días,,
95,Venta Terreno Agrícola 60 Ha a Pocos Minutos del Sur de Quito Sector Chiriboga,Sur de Quito, Quito,USD 150.000,0 Baños,/logo_remax-gold_1592092920218.jpg,/logo_remax-gold_1592092920218.jpg,Publicado hace 124 días,,
96,Terreno 948 m² Alangasi, Valle de Los Chillos,Los Chillos, Quito,USD 68.000,0 Baños,/logo_soledad-vasconez_3.jpg,/logo_soledad-vasconez_3.jpg,Publicado hace más de 1 año,,
97,Sangolquí, Terreno en Venta 2440 m²,Sangolqui, Quito,USD 180.000,0 Baños,/logo_re-max-capital_1536878679517.jpg,/logo_re-max-capital_1536878679517.jpg,Publicado hace 96 días,,
98,Lindo Terreno Totalmente Plano, con Cerramiento y Construcción en Calderón,Calderón, Quito,USD 60.000,0 Baños,/logo_carolina-herrera_1540322349578.jpg,/logo_carolina-herrera_1540322349578.jpg,Publicado hace 24 días,,
99,Espectacular Terreno de 908 m², 8 Pisos,Centro Norte, Quito,USD 880.000,0 Baños,/logo_match-inmobiliaria_1596571732726.jpg,/logo_match-inmobiliaria_1596571732726.jpg,Publicado hace 78 días,,
100,Terreno en Venta, Capri 3150 m con Cerramiento,Norte de Quito, Quito,USD 630.000,0 Baños,/logo_remax-100_1539119191357.jpg,/logo_remax-100_1539119191357.jpg,Publicado hace 87 días,,
101,Terreno en Venta Excelente Ubicación Cumbaya,Cumbayá, Quito,USD 260.000,0 Baños,/logo_the-best_1543967424709.jpg,/logo_the-best_1543967424709.jpg,Publicado hace 71 días,,
102,Terreno de Venta Norte Cerca Al Centro Comercial El Portal,Norte de Quito, Quito,USD 83.000,2 Estacionamientos,/logo_re-max-asesoria-inmobiliaria_1538597763759.jpg,/logo_re-max-asesoria-inmobiliaria_1538597763759.jpg,Publicado hace 12 días,,
103,Re/max Capital Vende El Eden 3.262 Mtrs2 Terreno 43.50 Frente,Norte de Quito, Quito,USD 456.522,0 Baños,/logo_re-max-capital_1536878679517.jpg,/logo_re-max-capital_1536878679517.jpg,Publicado hace más de 1 año,,
104,Lotizacion Terrenos de Venta Sur de Quito,Quitumbe, Quito,USD 19.900,0 Baños,/logo_remax-100_1539119191357.jpg,/logo_remax-100_1539119191357.jpg,Publicado hace 321 días,,
105,Sangolquí, Terreno en Venta 2440 m²,Sangolqui, Quito,USD 180.000,0 Baños,/logo_re-max-capital_1536878679517.jpg,/logo_re-max-capital_1536878679517.jpg,Publicado hace 96 días,,
106,Terreno Lotizado en Venta - Sector La Pampa - Mav,Mitad del Mundo, Quito,USD 931.000,0 Baños,/logo_remax-sol_1583189552262.jpg,/logo_remax-sol_1583189552262.jpg,Publicado hace 44 días,,
107,Vendo Lote en Urbanización Los Arrayanes Frente Al Golf 1206,69 m², Puembo,Puembo, Quito,USD 420.000,0 Baños,/placeholder-img.png,/placeholder-img.png,Publicado hace 21 días,,
108,Conocoto Vendo Terreno 606 m² Pv,Los Chillos, Quito,USD 28.000,0 Baños,/logo_inmokasa_1554220831093.jpg,/logo_inmokasa_1554220831093.jpg,Publicado hace más de 1 año,,
109,Espectacular Terreno de 908 m², 8 Pisos,Centro Norte, Quito,USD 880.000,0 Baños,/logo_match-inmobiliaria_1596571732726.jpg,/logo_match-inmobiliaria_1596571732726.jpg,Publicado hace 78 días,,
110,Terreno 2600 Mq San Antonio,Mitad del Mundo, Quito,USD 250.000,0 Baños,/logo_re-max-capital_1536878679517.jpg,/logo_re-max-capital_1536878679517.jpg,Publicado hace 335 días,,
111,Terreno 740 m. Urbanización Exclusiva, Viña del Chiche,Tumbaco, Quito,USD 220.000,0 Baños,/placeholder-img.png,/placeholder-img.png,Publicado hace 22 días,,
112,Cumbayá - Tanda, Hermoso Terreno en Venta, 850 m²,Nayón - Tanda, Quito,USD 200.000,0 Baños,/logo_corporacion-vyasa_1552611954132.jpg,/logo_corporacion-vyasa_1552611954132.jpg,Publicado hace 30 días,,
113,Terreno I4 en Calacalí 31000,Norte de Quito, Quito,USD 1.999.000,0 Baños,/logo_re-max-capital_1536878679517.jpg,/logo_re-max-capital_1536878679517.jpg,Publicado hace 29 días,,
114,Venta Terreno Agrícola 60 Ha a Pocos Minutos del Sur de Quito Sector Chiriboga,Sur de Quito, Quito,USD 150.000,0 Baños,/logo_remax-gold_1592092920218.jpg,/logo_remax-gold_1592092920218.jpg,Publicado hace 124 días,,
115,Terreno de Venta de 571 m², Norte de Quito, El Condado,El Condado, Quito,USD 229.000,0 Baños,,,Publicado hace 116 días,,
116,Terreno de Venta en Urbanización Exclusiva, en Tumbaco, Últimos Lotes,Tumbaco, Quito,USD 262.703,0 Baños,,,Publicado hace 204 días,,
117,Terreno de Venta en Alangasí, Ubicación Estratégica. Sector La Concepción,Sangolqui, Quito,USD 113.000,0 Baños,,,Publicado hace más de 1 año,,
118,Terreno Plano de 3492 m Sector Zabala,Calderón, Quito,USD 295.000,0 Baños,,,Publicado hace 53 días,,
119,Vendo Terreno en Puembo,Puembo, Quito,USD 230.000,0 Habitaciones,,,Publicado hace 38 días,,
120,Liquidación de Lotes Playeros, Lotización Cayo Beach en Puerto Cayo, Efectivo. S1,Norte de Quito, Quito,USD 5.880,0 Baños,,,Publicado hace 37 días,,
121,Terreno en Venta Sector Sangolqui,Sangolqui, Quito,USD 65.308,0 Baños,,,Publicado hace más de 1 año,,
122,Tumbaco, Excelente Opción y Urbanización,Tumbaco, Quito,USD 254.067,0 Baños,,,Publicado hace 124 días,,
123,Lindo Terreno Via Al Tingo 2275 m² con 3 Accesos,San Rafael, Quito,USD 350.000,0 Baños,,,Publicado hace más de 1 año,,
124,Venta Lotes 1,892 m, Conjunto Quintas Campestres, Potrerillos, Pululahua,Mitad del Mundo, Quito,USD 75.680,0 Baños,,,Publicado hace más de 1 año,,
125,Se Vende Terreno 1094 Mtrs La Armenia, Uso de Suelo Residencial, Plano Urb Inerhy,La Armenia, Quito,USD 175.000,0 Baños,,,Publicado hace 266 días,,
126,Vendo Terreno en Urbanización - Cumbayá - Sector Colegio Alemán,Cumbayá, Quito,USD 400.700,0 Baños,,,Publicado hace 244 días,,
127,De Oportunidad, Meneses - Pallares, Hermoso Terreno de Venta, Area 1.004 m²,Cumbayá, Quito,USD 477.000,0 Baños,,,Publicado hace 90 días,,
128,Terreno en Venta Sector Cristiania,Norte de Quito, Quito,USD 900.000,0 Baños,,,Publicado hace 322 días,,
129,Terreno de Venta en Puembo 808 m² Urbanización de Lujo,Puembo, Quito,USD 170.000,0 Baños,,,Publicado hace 74 días,,
130,Cumbayá, Terreno en Venta, 1.980 m²,Cumbayá, Quito,USD 985.000,0 Baños,,,Publicado hace más de 1 año,,
131,Venta de Terreno con 90 Usd de Entrada, Credito Directo, Lotes Desde 170 m², S1,Centro Norte, Quito,USD 8.571,0 Baños,,,Publicado hace 186 días,,
132,Proyecto Inmobiliario de Venta en San Isidro de El Inca,El Inca, Quito,USD 160.000,0 Baños,,,Publicado hace 266 días,,
133,Terreno en La Armenia El Mejor Precio del Mercado,Conocoto, Quito,USD 2.500.000,0 Baños,,,Publicado hace 2 días,,
134,Venta Terreno Pifo E35,Pifo, Quito,USD 81.000,0 Baños,,,Publicado hace 75 días,,
135,Vendo Terreno Esquinero 2.300 m en La Av Maldonado Sector Guamani,Sur de Quito, Quito,USD 1.150.000,0 Baños,,,Publicado hace más de 1 año,,
136,Venta Terreno Industrial, Norte de Quito, Alto Impacto,Norte de Quito, Quito,USD 1.440.000,1 Estacionamiento,,,Publicado hace 279 días,,
137,65 Usd/m² Negociable Terreno en San Juan de Calderón 20000 m Planos,Calderón, Quito,USD 1.300.000,0 Baños,,,Publicado hace 50 días,,
138,Lote de Terreno en Venta Sector Las Casas,Centro Norte, Quito,USD 720.000,0 Baños,,,Publicado hace 229 días,,
139,Vendo Excelente Terreno Sector Puembo,Tumbaco, Quito,USD 275.000,0 Baños,,,Publicado hace 28 días,,
140,Tumbaco Terreno de Venta Sector Collaqui Hermosa Vista,Tumbaco, Quito,USD 600.000,0 Baños,,,Publicado hace más de 1 año,,
141,Precioso Terreno con Vista - Cumbayá,Cumbayá, Quito,USD 420.000,0 Baños,,,Publicado hace más de 1 año,,
142,Excelente Terreno (Urbanización El Condado),Norte de Quito, Quito,USD 270.000,0 Baños,,,Publicado hace más de 1 año,,
143,Terreno en Miravalle de 493 m²,Miravalle, Quito,USD 440.000,0 Baños,,,Publicado hace más de 1 año,,
144,Terreno de Venta en El Centro de Tababela 10.062 m², Ideal Para Hostería,Tababela, Quito,USD 1.200.000,15 Estacionamientos,,,Publicado hace 209 días,,
145,Tababela, Nuevo Aeropuerto, Lote de Terreno en Venta, 2.75 Ha,Tababela, Quito,USD 4.125.000,0 Baños,,,Publicado hace más de 1 año,,
146,Vendo Terreno Industrial Alto Impacto, 10.000 m² Norte de Quito,Norte de Quito, Quito,USD 600.000,1 Estacionamiento,,,Publicado hace más de 1 año,,
147,Espectacular Terreno con Una Excelente Ubicación en Ponceano,Norte de Quito, Quito,USD 318.000,0 Baños,,,Publicado hace más de 1 año,,
148,Venta de Terreno 7.126 m² en Tababela con Todos Los Servicios,Tababela, Quito,USD 535.000,0 Baños,,,Publicado hace 102 días,,
149,Se Vende Terreno Sector Bellavista Carretas,Bellavista, Quito,USD 1.200.000,0 Baños,,,Publicado hace 67 días,,
150,Sangolqui, Hermoso Terreno, Junto Al Club de Golf Los Cerros,Sangolqui, Quito,USD 490.000,0 Baños,,,Publicado hace 236 días,,
151,Vendo Terreno Sector Alangasi,Los Chillos, Quito,USD 58.000,0 Baños,,,Publicado hace más de 1 año,,
152,Vendo Terreno Industrial Alto Impacto 9150 m² Norte de Quito, La Cristiania,Norte de Quito, Quito,USD 1.830.000,1 Estacionamiento,,,Publicado hace más de 1 año,,
153,Vendo o Rento Hermosa Propiedad: Terreno de 3,54 Hectáreas en Calderón,Calderón, Quito,USD 280,0 Baños,,,Publicado hace más de 1 año,,
154,Vendo Terreno Urbanizado en Nayon,Nayón - Tanda, Quito,USD 219.000,0 Baños,,,Publicado hace 121 días,,
155,Terreno en Tumbaco Urbanización Exclusiva 705 m²,Tumbaco, Quito,USD 250.000,0 Baños,,,Publicado hace más de 1 año,,
156,3.9 Hect. Planas, Sangolquí, Uso m. Cus 250%,Los Chillos, Quito,USD 3.913.700,0 Baños,,,Publicado hace más de 1 año,,
157,Tababela, Nuevo Aeropuerto, Lote de Terreno en Venta, 1.51 Ha,Tababela, Quito,USD 2.265.000,0 Baños,,,Publicado hace más de 1 año,,
158,Inmobusiness Vende Lote Unifamiliar con Planos Aprobados Sector Nayon Tacuri,Nayón - Tanda, Quito,USD 298.000,0 Baños,,,Publicado hace más de 1 año,,
159,Terreno - Conocoto Dentro de Urbanizacion 330 m²,Conocoto, Quito,USD 80.000,0 Baños,,,Publicado hace 83 días,,
160,Re/max Futuro Vende Terreno Sector Universidad Internacionanal 958 m²,Conocoto, Quito,USD 185.000,0 Baños,,,Publicado hace 89 días,,
161,Vendo Terreno Sector La Primavera,Cumbayá, Quito,USD 520.000,0 Baños,,,Publicado hace 125 días,,
162,Terreno de Venta en La Vía Intervalles,Cumbayá, Quito,USD 650.000,0 Baños,,,Publicado hace más de 1 año,,
163,Terreno de Venta Sur de Quito,Quitumbe, Quito,USD 28.000,0 Baños,,,Publicado hace más de 1 año,,
164,Vendo Terreno en Tumbaco - Collaqui con Derechos y Acciones,Tumbaco, Quito,USD 80.000,0 Baños,,,Publicado hace más de 1 año,,
165,Terreno Ideal Para Empresas o Conjunto Habitacional! Negociable,Norte de Quito, Quito,USD 1.100.000,0 Baños,,,Publicado hace más de 1 año,,
166,La Morita, Terreno de 2300 m² con Dos Casas de 93 m² en Obra Gris,Tumbaco, Quito,USD 400.000,0 Baños,,,Publicado hace más de 1 año,,
167,Tumbaco, Vendo 26872 m² de Terreno Ideal Para Proyecto de Vivienda Popular,Tumbaco, Quito,USD 1.590.000,0 Baños,,,Publicado hace más de 1 año,,
168,Terreno - Quinta de Lujo de 12.5 Ha en Yaruqui a 3 Millones,Yaruqui, Quito,USD 3.000.000,4 Estacionamientos,,,Publicado hace más de 1 año,,
169,Terreno en Venta 1.000 m² en Vista Nevada Via Tanda Nayón,Nayón - Tanda, Quito,USD 300.000,0 Baños,,,Publicado hace más de 1 año,,
170,Vendo Terreno Sector Marianitas,Calderón, Quito,USD 30.000,0 Baños,,,Publicado hace 57 días,,
171,Terreno de Venta en Yaruqui,Yaruqui, Quito,USD 390.000,0 Baños,,,Publicado hace 316 días,,
172,Tumbaco - Collaquí, Hermoso Terreno de Venta 10.000 m²,Tumbaco, Quito,USD 1.000.000,0 Baños,,,Publicado hace más de 1 año,,
173,Vendo Hermoso Terreno Esquinero Sector Monserrat Conocoto,Los Chillos, Quito,USD 60.000,0 Baños,,,Publicado hace más de 1 año,,
174,Hermoso Terreno en El Crater del Pululahua,Mitad del Mundo, Quito,USD 100.000,0 Baños,,,Publicado hace 113 días,,
175,Vendo - Terreno - en - Puembo - 1210 m² - $150.000,Puembo, Quito,USD 150.000,0 Baños,,,Publicado hace 50 días,,
176,Terreno de Venta en Bellavista Calderon de 200 m con Casa Pequeña y Escritura,Calderón, Quito,USD 22.000,0 Baños,,,Publicado hace 137 días,,
177,Terreno de Venta en Calderon Sector Vilcabamba de 1045 m,Calderón, Quito,USD 135.000,0 Baños,,,Publicado hace 137 días,,
178,Vendo Terrenos Caupicho Sur de Quito,Sur de Quito, Quito,USD 30.000,0 Baños,,,Publicado hace 11 días,,
179,Pifo, Terreno en Venta, 4.000 m²,Pifo, Quito,USD 260.000,0 Baños,,,Publicado hace más de 1 año,,
180,Terreno de Venta en Cumbaya,Cumbayá, Quito,USD 550.000,2 Estacionamientos,,,Publicado hace más de 1 año,,
181,Vendo 1.500 m² Terreno Urb. Los Eucaliptos Cumbaya $525 Mil,Cumbayá, Quito,USD 525.000,0 Baños,,,Publicado hace 173 días,,
182,San Isidro del Inca. Terreno de Venta o Mecánica,El Inca, Quito,USD 390.000,0 Baños,,,Publicado hace 123 días,,
183,Re/max Futuro Vende Terreno de 7685 m² Sector de Calderon,Calderón, Quito,USD 576.365,0 Baños,,,Publicado hace 138 días,,
184,Vendo Terreno de 5,2 Hectáreas en Ascazubi - a 2 Minutos de La Panamericana,El Quinche, Quito,USD 1.800.000,0 Baños,,,Publicado hace 254 días,,
185,Venta, Terreno 336 m² con Casa Antigua, Batan Alto,El Batán, Quito,USD 240.000,1 Estacionamiento,,,Publicado hace 343 días,,
186,Terreno Dentro de Urbanización Sector Fajardo Via Complejo Independiente,Sangolqui, Quito,USD 118.000,0 Baños,,,Publicado hace 78 días,,
187,Terreno de Venta en Puembo, Dentro de Urbanización Cerrada,Puembo, Quito,USD 195.000,0 Baños,,,Publicado hace 333 días,,
188,Venta Casa Calle Calama 639 m²,Centro Norte, Quito,USD 850.000,4 Estacionamientos,,,Publicado hace más de 1 año,,
189,Terreno 1089 m² Nayon Dentro La Urbanizacion Algarrobos,Nayón - Tanda, Quito,USD 190.000,0 Baños,,,Publicado hace más de 1 año,,
190,Vendo Terreno en Tababela Lotes Dac,Tababela, Quito,USD 60.000,0 Baños,,,Publicado hace 107 días,,
191,Vendo Terreno con Vista en Tumbaco.,Tumbaco, Quito,USD 222.215,0 Baños,,,Publicado hace 103 días,,
192,Tumbaco Sector La Morita 2, Vendo Lote de Terreno 905 m² Cerca a La Ruta Viva.,Tumbaco, Quito,USD 155.000,0 Baños,,,Publicado hace más de 1 año,,
193,Carcelén, Terreno de Venta, 504 m²,Carcelén, Quito,USD 96.000,0 Baños,,,Publicado hace más de 1 año,,
194,Terreno en Venta Tumbaco Cerca Al Ventura Mall,Tumbaco, Quito,USD 657.000,0 Baños,,,Publicado hace 4 días,,
195,Casamax Vende Hermosa Propiedad en Yaruqui de 3.3.has $1.190.000 Usd,Yaruqui, Quito,USD 1.190.000,0 Baños,,,Publicado hace más de 1 año,,
196,Terreno de Venta Conocoto Urbanizacion Hospitalaria Parque de La Armenia,Los Chillos, Quito,USD 340.000,0 Baños,,,Publicado hace 280 días,,
197,Tababela - Junto Al Aeropuerto, Terreno de 8hectáreas en Venta,Tababela, Quito,USD 6.400.000,0 Baños,,,Publicado hace 208 días,,
198,Terreno 1860 m² en Quito Tenis,Quito Tenis, Quito,USD 1.025.000,0 Baños,,,Publicado hace más de 1 año,,
199,Vendo Terrenos Desde 200 m en Pifo Centro Urb. San Jose,Pifo, Quito,USD 170,1 Estacionamiento,,,Publicado hace más de 1 año,,
200,Una Experiencia Frente Al Mar, Terrenos de 200 m², Ruta del Sol, Credito Directos1,Centro de Quito, Quito,USD 16.000,0 Baños,,,Publicado hace 144 días,,
201,Iguiñaro, Entre El Quinche y Checa Terreno Agrícola de Venta 3 Hectáreas,El Quinche, Quito,USD 280.000,0 Baños,,,Publicado hace 25 días,,
202,Extraordinarios Lotes de Terreno Desde 1000 m², Sector Cubinche,Los Chillos, Quito,USD 27.000,0 Baños,,,Publicado hace 249 días,,
203,Vendo Terreno Listo Para Construir 855 m. Urbanización Sta. Lucia,Norte de Quito, Quito,USD 280.000,0 Baños,,,Publicado hace más de 1 año,,
204,Hermoso Terreno en Guayllabamba 500 m Planos,Guayllabamba, Quito,USD 15.000,0 Baños,,,Publicado hace 316 días,,
205,Terreno en La Av La Prensa de 55.000 m²,Norte de Quito, Quito,USD 600,40 Estacionamientos,,,Publicado hace 229 días,,
206,Vendo Terreno 6.700 m Planos, Cerca Al Hospital Pablo Arturo Suarez,Norte de Quito, Quito,USD 3.300.000,0 Baños,,,Publicado hace más de 1 año,,
207,Vendo Bonito Terreno en El Valle de Los Chillos,Los Chillos, Quito,USD 115.000,0 Baños,,,Publicado hace 96 días,,
208,Lotización Cayo Beach en Puerto Cayo, Disfrute del Mar, Sol y Arena, Efectivo. S1,Cumbayá, Quito,USD 10.650,0 Baños,,,Publicado hace 49 días,,
209,Terreno Plano de 2528 m² Excelente Precio ($80/m²) Sector Nápoles Puembo,Puembo, Quito,USD 202.240,0 Baños,,,Publicado hace 285 días,,
210,Terreno Plano Puembo 40.779 m² 85usd por m²,Puembo, Quito,USD 85,20 Estacionamientos,,,Publicado hace 54 días,,
211,Oportunidad Terreno en Venta San Antonio, Mitad del Mundo,Mitad del Mundo, Quito,USD 550.000,0 Baños,,,Publicado hace más de 1 año,,
212,Venta Lote Urb Privada El Troje Sur,Sur de Quito, Quito,USD 21.500,0 Baños,,,Publicado hace 44 días,,
213,Vendo Terreno Puembo 1538 m Usd Mm,Tumbaco, Quito,USD 300.000,1 Estacionamiento,,,Publicado hace más de 1 año,,
214,Inmobusiness Vende Lotes Urbanizados Sector Chaupi Molino Puembo/lote 9,Puembo, Quito,USD 127.806,0 Habitaciones,,,Publicado hace más de 1 año,,
215,Oportunidad, Espectacular Terreno de Venta en La Danesa,Tumbaco, Quito,USD 350.000,0 Baños,,,Publicado hace 333 días,,
216,Hermoso Terreno o Casa Venta Ponceano Alto.,Ponceano, Quito,USD 850.000,6 Estacionamientos,,,Publicado hace más de 1 año,,
217,Remax Futuro Vende Terreno de 1125 Mtrs en Lumbisi,Cumbayá, Quito,USD 330.000,0 Baños,,,Publicado hace 256 días,,
218,De Oportunidad Venta Terreno "La Marca",Mitad del Mundo, Quito,USD 37.000,0 Baños,,,Publicado hace 24 días,,
219,Terreno en Venta 825 Mtrs. Uso Multiple, Av El Inca $490.000,El Inca, Quito,USD 490.000,0 Baños,,,Publicado hace 150 días,,
220,Terreno Sector Unión Nacional, 561 m,El Bosque , Quito,USD 350.000,8 Estacionamientos,,,Publicado hace más de 1 año,,
221,Terreno de Venta Sur de Quito La Clemencia,Quito, Pichincha,USD 18.000,0 Baños,,,Publicado hace más de 1 año,,
222,Terrenos de 200 m² El Precio Es de 6.000 Usd Solo Efectivo, Puerto Cayo Manabi. S1,El Inca, Quito,USD 6.000,0 Baños,,,Publicado hace 2 días,,
223,Venta Hermoso Terreno en Urbanizacion Lujo Puembo,Puembo, Quito,USD 220.000,0 Baños,,,Publicado hace 202 días,,
224,Se Vende Terreno en Pifo,Pifo, Quito,USD 220.000,0 Baños,,,Publicado hace más de 1 año,,
225,Ideal Para Constructores Vendo 2 Terrenos Sector Iñaquito La Paz,Centro Norte, Quito,USD 1.200,0 Baños,,,Publicado hace más de 1 año,,
226,Vendo 2600 m² Cutuglagua Via Principal Pana. Sur Ideal Vivienda,Sur de Quito, Quito,USD 1.000.000,0 Baños,,,Publicado hace más de 1 año,,
227,Vendo Hermoso Terreno. Sector Colegio La Salle, Conocoto. Dentro de Urbanización,Conocoto, Quito,USD 86.500,0 Baños,,,Publicado hace 34 días,,
228,Terreno de Venta Sector Santa Lucia Cerca de La Unidad Educativa Julio Verne,Norte de Quito, Quito,USD 110.000,0 Baños,,,Publicado hace 50 días,,
229,Vendo Terreno de 2167 m en Tumbaco,Tumbaco, Quito,USD 303.380,10 Estacionamientos,,,Publicado hace 82 días,,
230,Terreno, Venta, Mariana de Jesús, 1045 m², 10 Pisos, Frente 15 m, Cos Total 700%,Centro Norte, Quito,USD 750.000,0 Baños,,,Publicado hace 221 días,,
231,Re/max Futuro Vende Terreno con Vista Panorámica Puembo,Puembo, Quito,USD 235.000,1 Baño,,,Publicado hace más de 1 año,,
232,Pifo Sector La Paz, Vendo Lotes de 3.000 m² a Dos Cuadras de La Vía Principal.,Pifo, Quito,USD 230.000,0 Baños,,,Publicado hace más de 1 año,,
233,Vendo de Oportunidad Bonito Terreno en El Mismo Centro de Yaruqui,Yaruqui, Quito,USD 61.000,0 Baños,,,Publicado hace más de 1 año,,
234,Vendo Terreno Ideal Para Proyecto Tumbaco Rutaviva,Tumbaco, Quito,USD 135.000,0 Baños,,,Publicado hace 123 días,,
235,Vendo Terreno 208 m² en Tanda,Nayón - Tanda, Quito,USD 65.000,0 Baños,,,Publicado hace más de 1 año,,
236,Espectacular Terreno de Venta Ubicado en Urbanización Cerrada,Cumbayá, Quito,USD 520.000,0 Baños,,,Publicado hace más de 1 año,,
237,Hermoso Terreno de Venta Urbanizacion Santa Clara Sangolqui,Sangolqui, Quito,USD 70.000,0 Baños,,,Publicado hace 14 días,,
238,Terreno en Tumbaco Sector La Morita Para Proyecto,Tumbaco, Quito,USD 290.800,0 Baños,,,Publicado hace más de 1 año,,
239,Venta Terreno de 1.327 m², Sector Batán.,Centro de Quito, Quito,USD 1.290.000,0 Baños,,,Publicado hace más de 1 año,,
240,Venta Terreno en El Sur,Sur de Quito, Quito,USD 40.000,1 Estacionamiento,,,Publicado hace 91 días,,
241,La Argelia, Venta, Terreno, 2500 m², Frente Total 25 m, 2 Pisos,Sur de Quito, Quito,USD 146.000,0 Baños,,,Publicado hace 103 días,,
242,Vendo Amplio Terreno de 8.000 m² en Collaquí,Tumbaco, Quito,USD 560.000,0 Baños,,,Publicado hace 21 días,,
243,Vista Espectacular! Terreno Uni - Bifamiliar Dentro de Urbanización Pillagua (Cumbaya),Cumbayá, Quito,USD 380.000,0 Baños,,,Publicado hace 119 días,,
244,Terrenos Venta Playa Chica Valle de Los Chillos, Gabe,Sangolqui, Quito,USD 300.000,0 Habitaciones,,,Publicado hace 38 días,,
245,Terreno, Venta, La Kennedy, 1120 m², Frente 15 m, Cos Total 200%,Norte de Quito, Quito,USD 300.000,0 Baños,,,Publicado hace 195 días,,
246,En La Mejor Ubicación de La Ruta Viva, Tumbaco Urbanización Privada, Terreno!,Tumbaco, Quito,USD 252.000,0 Baños,,,Publicado hace más de 1 año,,
247,Vendo Terreno 811 m² en Urbanizacion Sector Aurelio Davila,Tumbaco, Quito,USD 186.530,0 Baños,,,Publicado hace más de 1 año,,
248,Venta Terreno Guayllabamba 970 m²,Guayllabamba, Quito,USD 45.000,0 Baños,,,Publicado hace 44 días,,
249,Vendo 2.500 m² Tumbaco Cerca Sector El Arenal.,Tumbaco, Quito,USD 375.000,0 Baños,,,Publicado hace más de 1 año,,
250,Terreno de Venta en Tumbaco, Precio de Oportunidad,Tumbaco, Quito,USD 350.000,0 Baños,,,Publicado hace 148 días,,
251,Vendo Terreno de 27.000 m en Inga Bajo,Los Chillos, Quito,USD 400.000,1 Estacionamiento,,,Publicado hace más de 1 año,,
252,Terreno de Venta Puembo (Sector Napóles),Puembo, Quito,USD 325.000,0 Baños,,,Publicado hace 279 días,,
253,Vendo Lindo Terreno de 23000 m² en Yaruqui,Yaruqui, Quito,USD 644.000,0 Baños,,,Publicado hace más de 1 año,,
254,Terreno de Venta Sector Cooperativa Huasipungo,Norte de Quito, Quito,USD 54.990,0 Baños,,,Publicado hace 357 días,,
255,De Oportunidad Terreno en Venta Tumbaco B Esperanz,Tumbaco, Quito,USD 475.000,0 Baños,,,Publicado hace 33 días,,
256,Vendo - 2 y 1.5 Hectáreas - Club de Golf Los Cerros, Los Chillos,Los Chillos, Quito,USD 542.000,0 Baños,,,Publicado hace 153 días,,
257,Inmobusiness Vende Hermoso Terreno Sector Tanda Nayón,Nayón - Tanda, Quito,USD 963.500,0 Habitaciones,,,Publicado hace más de 1 año,,
258,Venta del Terreno, Ofelia, Estadio de La Liga 879 m², Frente Al Parque y Estadio,Centro Norte, Quito,USD 360.000,0 Baños,,,Publicado hace más de 1 año,,
259,Vendo Terreno 3,3ha en Via Principal Yaruqui,Yaruqui, Quito,USD 1.200.000,0 Baños,,,Publicado hace más de 1 año,,
260,Lote Dentro de Urb en Puembo con Todos Los Servicios 1383 m $345.750 Ss,Puembo, Quito,USD 345.750,0 Baños,,,Publicado hace más de 1 año,,
261,Vendo Terreno de 1000 m Calle Rio San Pedro en Tumbaco,Tumbaco, Quito,USD 195.000,0 Baños,,,Publicado hace 292 días,,
262,Vendo Terreno en Conocoto,Los Chillos, Quito,USD 135.000,0 Baños,,,Publicado hace 135 días,,
263,Vendo Terreno en Urbanización Privada San Francisco | Sangolqui,Sangolqui, Quito,USD 65.000,0 Baños,,,Publicado hace 45 días,,
264,Monteserrin, Terreno en Venta, 740 m²,Monteserrín, Quito,USD 500.000,2 Baños,,,Publicado hace más de 1 año,,
265,Tababela, Nuevo Aeropuerto, Lote de Terreno en Venta, 1.55 Ha,Tababela, Quito,USD 2.557.500,0 Baños,,,Publicado hace más de 1 año,,
266,Terreno Urbanizado en Venta Cerca Al Parque Central de Puembo,Puembo, Quito,USD 107.000,0 Baños,,,Publicado hace 39 días,,
267,Inmobusiness Vende Terreno Industrial en Cristiania 2, Carcelén Industrial,Carcelén, Quito,USD 850.000,4 Estacionamientos,,,Publicado hace más de 1 año,,
268,Terreno Valle de Los Chillos Ideal Para Proyecto Vip,Los Chillos, Quito,USD 264.500,0 Baños,,,Publicado hace 81 días,,
269,Terreno de Venta San Juan de Calderón.,Calderón, Quito,USD 12.500,0 Baños,,,Publicado hace 111 días,,
270,Vendo Terreno Sector Tumbaco, Sector Rumihuaico,Tumbaco, Quito,USD 600.000,0 Baños,,,Publicado hace 229 días,,
271,Vendo Terreno Industrial Alto Impacto, 35000 m² (3,5 Has),Norte de Quito, Quito,USD 2.100.000,1 Estacionamiento,,,Publicado hace más de 1 año,,
272,Terreno de 2354 en Conocoto en un Lugar Muy Lindo,Conocoto, Quito,USD 325.000,6 Estacionamientos,,,Publicado hace más de 1 año,,
273,Re/max Futuro Vende Lindo Terreno Sector de Nayon - Juan Montalvo,Nayón - Tanda, Quito,USD 165.000,0 Baños,,,Publicado hace 19 días,,
274,Hermosos Terrenos de 739, 746 y 779 m. con Todos Los Servicios y Seguridad,Cumbayá, Quito,USD 281.000,0 Baños,,,Publicado hace más de 1 año,,
275,Los Chillos Av G Rumiñahui Puente 5, Vendo o Cambio Terreno con Construcción.,Los Chillos, Quito,USD 58.000,2 Estacionamientos,,,Publicado hace más de 1 año,,
276,Lotes, Terrenos Urbanizados con Entrada de 100usd Credito Directo en Manabi Sd2,Conocoto, Quito,USD 10.989,0 Baños,,,Publicado hace 7 días,,
277,Terreno de Venta Sur de Quito,Sur de Quito, Quito,USD 149.000,0 Baños,,,Publicado hace más de 1 año,,
278,Terreno en Venta, Entre Alangasí y La Merced, Valle de Los Chillos,Los Chillos, Quito,USD 255.000,0 Baños,,,Publicado hace 274 días,,
279,Vendo Terrenos de 2250 en Puembo,Puembo, Quito,USD 250.000,0 Baños,,,Publicado hace más de 1 año,,
280,Terreno de Venta Nayon,Nayón - Tanda, Quito,USD 307.750,0 Baños,,,Publicado hace 124 días,,
281,Terreno de Venta en Nayón - San Pedro del Valle,Nayón - Tanda, Quito,USD 402.500,0 Baños,,,Publicado hace más de 1 año,,
282,Vendo Terreno en Urbanización de Lujo en Puembo.,Puembo, Quito,USD 316.800,0 Baños,,,Publicado hace más de 1 año,,
283,Vendo Terreno 5833 m². Sector Pifo, Papallacta,Pifo, Quito,USD 1.500.000,0 Baños,,,Publicado hace 162 días,,
284,Vendo Terreno en Cumbayá Espectacular Ubicación,Cumbayá, Quito,USD 1.200.000,0 Baños,,,Publicado hace 58 días,,
285,Puembo Exclusivo Terreno Esquinero 8.515 m² Totalmente Plano Vista Privilegiada,Puembo, Quito,USD 936.650,0 Baños,,,Publicado hace más de 1 año,,
286,Terreno en Venta en Tumbaco,Tumbaco, Quito,USD 65.000,0 Baños,,,Publicado hace más de 1 año,,
287,Alangasi Terreno de Venta en Los Chillos,Los Chillos, Quito,USD 98.000,0 Baños,,,Publicado hace más de 1 año,,
288,Venta de Terreno de 1.040 m² en Urbanización de Lujo La Quinta - Cumbayá,Cumbayá, Quito,USD 416.000,0 Baños,,,Publicado hace más de 1 año,,
289,Venta Terreno Sector Cumbaya La Primavera,Cumbayá, Quito,USD 568.460,0 Baños,,,Publicado hace más de 1 año,,
290,Espectacular Terreno de Venta en Tumbaco, Urbanización Cerrada,Tumbaco, Quito,USD 145.000,0 Baños,,,Publicado hace 252 días,,
291,Bonito Terreno en Urbanizacion Tumbaco Cerca de La Ruta Viva,Tumbaco, Quito,USD 542.160,0 Baños,,,Publicado hace más de 1 año,,
292,Terrenos Urbanizados, Checa - Quito,Checa, Quito,USD 200.199,1 Estacionamiento,,,Publicado hace más de 1 año,,
293,Vendo Espectacular Terreno 9000 m² en El Centro Financiero y Comercial de Quito,Centro Norte, Quito,USD 10.000.000,1 Estacionamiento,,,Publicado hace más de 1 año,,
294,Terreno de Venta en Caspigasi,Mitad del Mundo, Quito,USD 650.000,10 Estacionamientos,,,Publicado hace 29 días,,
295,Vendo Terreno con Casa Excelente Ubicación - Sector Carolina,La Carolina, Quito,USD 740.000,0 Baños,,,Publicado hace más de 1 año,,
296,Terreno 1.050 m, Uso Múltiple en Cumbayá, Sector Scala. Ideal Proyecto.,Cumbayá, Quito,USD 480.000,0 Baños,,,Publicado hace 47 días,,
297,Vendo Hermoso Terreno Valle Los Chillos - Santa Clara,Los Chillos, Quito,USD 114.000,0 Baños,,,Publicado hace 311 días,,
298,Terreno Venta Intervalles,Cumbayá, Quito,USD 265.000,0 Baños,,,Publicado hace 274 días,,
299,Terreno de Venta en La Carrion y 10 de Agosto de 2137 m², Bien Ubicado,Centro de Quito, Quito,USD 1.550.000,0 Baños,,,Publicado hace más de 1 año,,
300,Los Chillos Terreno Comercial Frente a Dos Vías Principales, Sector El Triangulo,Los Chillos, Quito,USD 1.252.000,0 Baños,,,Publicado hace 39 días,,
301,Vendo Terrero Sector Mitad del Mundo Vía Calacalí. Séptima Transversal,Mitad del Mundo, Quito,USD 139.000,0 Baños,,,Publicado hace 316 días,,
302,Se Vende Terreno – Sector San Juan Turubamba,Sur de Quito, Quito,USD 90.000,0 Baños,,,Publicado hace más de 1 año,,
303,Vendo Terreno 750 m² Av 10 de Agosto,Centro Norte, Quito,USD 900.000,0 Baños,,,Publicado hace 287 días,,
304,Lotizacion 9860 m² La Armenia 2,La Armenia, Quito,USD 370.000,0 Baños,,,Publicado hace 341 días,,
305,Vendo Terreno con Vista Linda y Bien Ubicado,Tumbaco, Quito,USD 245.000,0 Baños,,,Publicado hace más de 1 año,,
306,Terreno Los Chillos,Los Chillos, Quito,USD 124.800,0 Baños,,,Publicado hace 250 días,,
307,Terreno de Venta Puembo 2.500 m²,Puembo, Quito,USD 240.000,0 Baños,,,Publicado hace más de 1 año,,
308,Vendo Excelente Terreno Casa 758 m. Sector Rumipamba,Centro Norte, Quito,USD 450.000,2 Estacionamientos,,,Publicado hace más de 1 año,,
309,Espectacular Terreno de Venta en Conocoto,Conocoto, Quito,USD 1.150.000,0 Baños,,,Publicado hace más de 1 año,,
310,Terreno Alangasi Urbanizacion Privada,Los Chillos, Quito,USD 145.800,0 Baños,,,Publicado hace 250 días,,
311,Terreno de Venta en Calderon Sector Cabuyal de 900 m,Calderón, Quito,USD 90.000,0 Baños,,,Publicado hace 139 días,,
312,Terreno 654 m², Vista, La Primavera,Las Casas, Quito,USD 51.000,0 Baños,,,Publicado hace 123 días,,
313,Excelente Oportunidad Venta Terreno Pifo,Pifo, Quito,USD 220.000,0 Baños,,,Publicado hace más de 1 año,,
314,Vendo Terreno Sector Hacienda Cuendina - Albornoz, Amaguña,Sangolqui, Quito,USD 110.000,0 Baños,,,Publicado hace más de 1 año,,
315,Terreno en Venta 5.000 m² en San Isidro del Inca,El Inca, Quito,USD 1.300.000,20 Estacionamientos,,,Publicado hace más de 1 año,,
316,Pomasqui - Lote 7100 m de Oportunidad!,Mitad del Mundo, Quito,USD 994.000,0 Baños,,,Publicado hace 21 días,,
317,Terreno de Venta en Cumbaya, Urbanización La Quinta,Cumbayá, Quito,USD 588.790,0 Baños,,,Publicado hace más de 1 año,,
318,Terreno de Oportunidad en Guayllabamba,Guayllabamba, Quito,USD 152.000,0 Baños,,,Publicado hace 123 días,,
319,Terreno de Venta Urb. El Ingenio (Sector Arrayanes),Puembo, Quito,USD 237.000,0 Baños,,,Publicado hace 105 días,,
320,Terreno de 8292 m en Puembo en Av Principal,Puembo, Quito,USD 1.161.000,0 Baños,,,Publicado hace 335 días,,
321,Terreno Amplio en Alangasi,Los Chillos, Quito,USD 70.000,0 Baños,,,Publicado hace más de 1 año,,
322,Terreno de Venta en Fajardo, Los Chillos. Ideal Para Proyecto Inmobiliario,Los Chillos, Quito,USD 380.000,0 Baños,,,Publicado hace 224 días,,
323,Vendo Hermoso Lote Deterreno de 12.600 m² en Conocoto,Conocoto, Quito,USD 2.500.000,0 Baños,,,Publicado hace más de 1 año,,
324,Venta de Terreno en Urbanización Exclusiva, El Guarangal - Guayllabamba,Guayllabamba, Quito,USD 114.600,0 Baños,,,Publicado hace 161 días,,
325,Espectacular Terreno de Venta en Puembo, Ideal Para Casas Familiares,Puembo, Quito,USD 498.000,0 Baños,,,Publicado hace 333 días,,
326,Terreno Industrial I3, E35 Itulcachi,Pifo, Quito,USD 5.520.000,0 Baños,,,Publicado hace más de 1 año,,
327,Vendo Terreno en El Quinche - Sector San Miguel,El Quinche, Quito,USD 372.000,0 Baños,,,Publicado hace más de 1 año,,
328,Pacto, Terreno, 777 m², Frente 13 m, Terreno Plano,Norte de Quito, Quito,USD 15.000,0 Baños,,,Publicado hace 134 días,,
329,Tumbaco - Collaqui Terreno en Venta en Urbanizacion Privada,Tumbaco, Quito,USD 318.450,0 Baños,,,Publicado hace más de 1 año,,
330,Espectacular Terreno en Venta Tumbaco,Cumbayá, Quito,USD 587.500,0 Baños,,,Publicado hace 339 días,,
331,Espectacular Terreno de Venta en Urbanizacion Privada en Tumbaco 2713 m²,Tumbaco, Quito,USD 598.000,0 Baños,,,Publicado hace 34 días,,
332,Terreno - Cumbayá,Cumbayá, Quito,USD 285.000,0 Baños,,,Publicado hace 12 días,,
333,Terreno de Venta Sector Calderon - Marianitas,Calderón, Quito,USD 369.018,0 Baños,,,Publicado hace 53 días,,
334,Inga 95.712 m² Sector Pifo, E - 35 Panamericana,Pifo, Quito,USD 1.914.240,0 Baños,,,Publicado hace más de 1 año,,
335,Oportunidad Vendo Terreno en Urbanización Valle de Los Chillos.,Conocoto, Quito,USD 88.000,0 Baños,,,Publicado hace 281 días,,
336,Casamax Vende Lote 1926 m² - Unico - Privacidad - Vista 360 Urb Ingenio Puembo,Puembo, Quito,USD 480.000,0 Baños,,,Publicado hace más de 1 año,,
337,Oportunidad Terreno en Urbanizacion, Los Chillos Zona Segura,Los Chillos, Quito,USD 180.000,0 Baños,,,Publicado hace más de 1 año,,
338,Vendo Regalo! Terreno, Estratégico!, Parque Industrial del Sur,Sur de Quito, Quito,USD 19.000,0 Baños,,,Publicado hace más de 1 año,,
339,Terreno en Tumbaco 22 Has,Tumbaco, Quito,USD 3.700.000,0 Baños,,,Publicado hace 21 días,,
340,Lotización Playera Cayo Beach, Lotes de 200 m², a 30 Minutos de Puerto Lopez. S1,Sur de Quito, Quito,USD 6.000,0 Baños,,,Publicado hace 49 días,,
341,Vendo - Terreno con - Arboles - Frutales - (16.000 M²) - Puellaro - Quito - Dmq - $200.000,Guayllabamba, Quito,USD 200.000,0 Baños,,,Publicado hace 165 días,,
342,Terreno Plano en Buena Zona en Yaruqui con Casa de Campo y Arboles Frutales,Yaruqui, Quito,USD 350.000,0 Baños,,,Publicado hace 68 días,,
343,Terreno de Venta 490 m Mitad del Mundoundo,Mitad del Mundo, Quito,USD 50.000,1 Estacionamiento,,,Publicado hace 124 días,,
344,Venta Terreno Frente a La Espe Excelente Precio!,Sangolqui, Quito,USD 125.000,0 Baños,,,Publicado hace 92 días,,
345,Muy Buen Terreno de Venta Dentro de La Urbanización La Rioja, Cumbaya,Cumbayá, Quito,USD 498.675,0 Baños,,,Publicado hace 84 días,,
346,Vendo 200 m en Pifo - Changala Financiamiento Directo,Pifo, Quito,USD 19.000,0 Baños,,,Publicado hace 12 días,,
347,Tababela, Terreno de Venta Junto Al Nuevo Aeropuerto Mariscal Sucre,Tababela, Quito,USD 3.500.000,0 Baños,,,Publicado hace más de 1 año,,
348,Espectaculares Lotes de Terreno en Urbanización Privada Tumbaco,Tumbaco, Quito,USD 220,0 Baños,,,Publicado hace más de 1 año,,
349,Celular 0 9 9 7 1 8 8 8 5 1 Tumbaco, Cumbaya 4.154 m²,Tumbaco, Quito,USD 1.500.000,0 Baños,,,Publicado hace 272 días,,
350,Vendo Terreno en Tumbaco 3746 m² Optimo Para Desarrollo Proyecto Habitacional,Tumbaco, Quito,USD 543.170,1 Estacionamiento,,,Publicado hace más de 1 año,,
351,Terreno de Venta en Urbanización de Lujo, Cumbaya,Cumbayá, Quito,USD 400.700,0 Baños,,,Publicado hace 106 días,,
352,Se Vende Terreno en Puembo,Puembo, Quito,USD 107.000,0 Baños,,,Publicado hace 68 días,,
353,Vendo Terreno Comercial Sector La Colon,Centro Norte, Quito,USD 450.000,5 Estacionamientos,,,Publicado hace más de 1 año,,
354,Armenia Lote de Terreno 4.500 m Vendo,Los Chillos, Quito,USD 650.000,0 Baños,,,Publicado hace 262 días,,
355,Vendo Propiedad 2078 m² Ponceano Ideal Para Constructores.,Ponceano, Quito,USD 550.000,10 Estacionamientos,,,Publicado hace 7 días,,
356,398 m² Terreno Esquinero Santa Lucia,Norte de Quito, Quito,USD 98.000,0 Baños,,,Publicado hace 288 días,,
357,Cumbayá - Tanda, Hermoso Terreno en Venta, 850 m²,Nayón - Tanda, Quito,USD 200.000,0 Baños,,,Publicado hace 30 días,,
358,Terrenos Industriales Mediano Impacto en Inga,Pifo, Quito,USD 826.595,0 Baños,,,Publicado hace más de 1 año,,
359,Venta Terreno Plano a Dos Cuadras de Simon Bolívar, Sector Gualo - Llano Chico,Llano Chico, Quito,USD 473.000,0 Baños,,,Publicado hace más de 1 año,,
360,Vendo Terreno 2350 m² Tumbaco La Cerámica $280.000,Tumbaco, Quito,USD 280.000,0 Baños,,,Publicado hace 29 días,,
361,Terreno de Tres Has Cerca a La Ruta Viva. Tumbaco. Muy Buen Cos.,Tumbaco, Quito,USD 130,290 m² cubiertos,,,Publicado hace más de 1 año,,
362,Vendo Terreno en Cumbaya - San Juan Alto Propiedad Horizontal,Cumbayá, Quito,USD 231.000,0 Baños,,,Publicado hace 7 días,,
363,Se Vende Terreno en El Sector de Ponceano,Ponceano, Quito,USD 586.000,0 Baños,,,Publicado hace 48 días,,
364,Terreno de 6.805 m² Sector Pifo $530 Mil,Pifo, Quito,USD 530.000,0 Baños,,,Publicado hace más de 1 año,,
365,Espectacular Terreno de Venta en Urbanización La Quinta,Cumbayá, Quito,USD 600.000,0 Baños,,,Publicado hace más de 1 año,,
366,Espectacular Terreno de Venta en San Antonio de La Viña,Cumbayá, Quito,USD 330.000,0 Baños,,,Publicado hace más de 1 año,,
367,Vendo Terreno 2.249 m² Sector Norberto Salazar (Na),Tumbaco, Quito,USD 390.000,0 Baños,,,Publicado hace más de 1 año,,
368,Terreno Los Molles y Autopista Manuel Córdova Galarza - Mitad del Mundo - 2075 m²,Mitad del Mundo, Quito,USD 94.000,0 Baños,,,Publicado hace 58 días,,
369,Terreno de Venta en Nayón 2.733,70 m²,Nayón - Tanda, Quito,USD 349.914,0 Baños,,,Publicado hace 43 días,,
370,De Oportunidad Terreno en Tumbaco Sector Plaza Pamba 5 Min de La Ruta Viva,Tumbaco, Quito,USD 140.000,0 Baños,,,Publicado hace más de 1 año,,
371,Atención Constructores Terrenos 3.000 a 7.000 m² Urbanizados Irm 6 Pisos,Ponceano, Quito,USD 1.130.000,0 Baños,,,Publicado hace más de 1 año,,
372,Tumbaco Terreno en Venta 2290 m² Vista,Tumbaco, Quito,USD 338.000,1 Estacionamiento,,,Publicado hace más de 1 año,,
373,Espectacular Terreno en Venta Tababela Irm Uso Multiple,Tababela, Quito,USD 340.000,0 Baños,,,Publicado hace más de 1 año,,
374,Casamax Vende Lote 1.200 m² Urb Privada Junto Club Arrayanes $216.000 Usd,Puembo, Quito,USD 216.000,0 Baños,,,Publicado hace más de 1 año,,
375,Terreno en Venta 2800 m²,Tumbaco, Quito,USD 515.693,0 Baños,,,Publicado hace más de 1 año,,
376,Terrenos en Urbanizacion - La Delicia - Llano Chico,Llano Chico, Quito,USD 264.000,0 Baños,,,Publicado hace 43 días,,
377,Vendo Excelente Terreno Nayon,Nayón - Tanda, Quito,USD 140.000,5 Estacionamientos,,,Publicado hace 86 días,,
378,Vendo Terreno 3385 m² Puente 3,Los Chillos, Quito,USD 205.000,0 Baños,,,Publicado hoy,,
379,Calderón - Bellavista Vendo Terreno Plano con Gallera Totalmente Acondicionado.,Calderón, Quito,USD 95.000,25 Estacionamientos,,,Publicado hace más de 1 año,,
380,Inversionistas, Constructores, Excelente Terreno de Venta,Norte de Quito, Quito,USD 890.000,0 Baños,,,Publicado hace más de 1 año,,
381,Lindo Lotes de Terreno, 250 m Guayllabamba $29,900,Guayllabamba, Quito,USD 29.900,0 Baños,,,Publicado hace 24 días,,
382,1090 m con Vista Espectacular en Urb. Privada,Cumbayá, Quito,USD 468.700,0 Baños,,,Publicado hace más de 1 año,,
383,Hermoso Terreno de Venta en Tumbaco Santa Rosa,Tumbaco, Quito,USD 150.000,0 Baños,,,Publicado hace más de 1 año,,
384,Terreno, Venta, Miraflores, 480 m², 3 Pisos, Frente 10 m, Cos Total 240 %,Centro Norte, Quito,USD 28.000,0 Baños,,,Publicado hace 153 días,,
385,Vendo o Arriendo en Pifo Terreno en Derechos y Acciones,Pifo, Quito,USD 178.000,0 Baños,,,Publicado hace 363 días,,
386,Terreno Puembo, Sector Urbano,Puembo, Quito,USD 309.625,0 Baños,,,Publicado hace 98 días,,
387,Tumbaco Centro Vendo Terreno 413 m Todos Los Servicios,Tumbaco, Quito,USD 220.000,0 Baños,,,Publicado hace más de 1 año,,
388,Terreno en Venta - Checa - de 3882 m²,Tababela, Quito,USD 232.920,0 Baños,,,Publicado hace 81 días,,
389,Venta de Terreno Muy Bien Ubicado en Cumbayá,Cumbayá, Quito,USD 3.500.000,0 Baños,,,Publicado hace 55 días,,
390,M Vendo Terreno en Calderón 430 m²,Calderón, Quito,USD 65.000,0 Baños,,,Publicado hace 47 días,,
391,1500 m, 2500 y 3000 m,Cumbayá, Quito,USD 360.000,0 Baños,,,Publicado hace más de 1 año,,
392,Inmobusiness Vende Terreno en Urbanización Privada Sector Nayón,Nayón - Tanda, Quito,USD 300.000,0 Habitaciones,,,Publicado hace 285 días,,
393,Venta de Terreno Norte de Quito Carcelén Sector Corazon de Jesus,Carcelén, Quito,USD 52.000,0 Baños,,,Publicado hace 236 días,,
394,Hermoso Terreno de Venta Vía Arrayanes 10.000 m²,Puembo, Quito,USD 1.100.000,0 Baños,,,Publicado hace 346 días,,
395,Varios Terrenos Planos Pillagua, Entorno Seguro,Cumbayá, Quito,USD 336.350,0 Baños,,,Publicado hace 28 días,,
396,Oportunidad! Constructores E Inversionistas Amplio Terreno, Conjunto en La Viña,Tumbaco, Quito,USD 600.000,0 Baños,,,Publicado hace más de 1 año,,
397,Terreno en Urbanización de Lujo 1094 m² Inf,Tumbaco, Quito,USD 525.000,0 Baños,,,Publicado hace más de 1 año,,
398,Terreno de Venta en Llano Grande Sector El Redin de 1526 m,Calderón, Quito,USD 170.000,0 Baños,,,Publicado hace 134 días,,
399,Terrenos en La 6 de Diciembre y Wilson Para Proyecto,Centro Norte, Quito,USD 1.200.000,0 Baños,,,Publicado hace 2 días,,
400,Terreno Barrio El Rosario, Monserrat Conocoto,Conocoto, Quito,USD 80.000,0 Baños,,,Publicado hace más de 1 año,,
401,Tumbaco 13.413 m² La Morita, Ruta Viva,Tumbaco, Quito,USD 1.800.000,0 Baños,,,Publicado hace más de 1 año,,
402,Vendo Lote de Terreno de 635 m en El Limonar Lumbisi,Cumbayá, Quito,USD 158.000,0 Baños,,,Publicado hace 245 días,,
403,Terreno de Venta Dentro de Urbanización Muy Cerca a La Ruta Viva,Cumbayá, Quito,USD 195.000,0 Baños,,,Publicado hace 180 días,,
404,Venta Terreno 1289 m² Urbanización La Viña Tumbaco Plano,Tumbaco, Quito,USD 440.000,0 Baños,,,Publicado hace 221 días,,
405,Excelente Terreno en Venta, 575 m² Urbanización La Pampa " Los Girasoles ",Mitad del Mundo, Quito,USD 115.000,0 Baños,,,Publicado hace 245 días,,
406,Terreno de Venta,Tumbaco, Quito,USD 352.500,0 Baños,,,Publicado hace 62 días,,
407,Terreno Sector Pintag - Los Chillos,Los Chillos, Quito,USD 699.900,3 Baños,,,Publicado hace 79 días,,
408,Lote / Terreno de Venta/quito Norte/mariscal/para Construcción /amazonas,Centro Norte, Quito,USD 330.000,10 Estacionamientos,,,Publicado hace 337 días,,
409,Inmobusiness Vende Terreno en Conjunto Privado Sector Valle de Los Chillos,Sangolqui, Quito,USD 32.000,0 Habitaciones,,,Publicado hace 16 días,,
410,Vendo Terreno Plano en Cumbayá, Excelente Ubicación,Cumbayá, Quito,USD 1.800.000,0 Baños,,,Publicado hace más de 1 año,,
411,Casamax Vende 13.200 m Sector Club Los Arrayanes - Puembo $2.,Puembo, Quito,USD 2.112.000,0 Baños,,,Publicado hace más de 1 año,,
412,Se Vende Hermoso Terreno Esquinero Sector Cashapamba 663 m.,Los Chillos, Quito,USD 85.000,0 Baños,,,Publicado hace más de 1 año,,
413,Vendo Terreno 4200 m² Tumbaco La Cerámica Cerca Ruta Viva,Tumbaco, Quito,USD 546.000,0 Baños,,,Publicado hace 11 días,,
414,Monteserrin, Propiedad Esquinera de Venta,Monteserrín, Quito,USD 240.000,2 Estacionamientos,,,Publicado hace 225 días,,
415,Vendo Terreno Proyectos Constructores, San Juan Cumbaya Mlasanz,Cumbayá, Quito,USD 2.000.000,0 Baños,,,Publicado hace más de 1 año,,
416,Vendo Terreno Pinar Alto Centro Norte,El Pinar, Quito,USD 190.000,7 Estacionamientos,,,Publicado hace más de 1 año,,
417,Vendo Terreno, Sector Tababela. 17500 m.,Tababela, Quito,USD 280.000,0 Baños,,,Publicado hace 349 días,,
418,De Oportunidad Se Vende Hermosa Propiedad en La Merced Los Chillos,Los Chillos, Quito,USD 200.000,10 Estacionamientos,,,Publicado hace 267 días,,
419,Terreno 1150 m², Cos 80% Sector Solca,Centro Norte, Quito,USD 255.000,0 Baños,,,Publicado hace más de 1 año,,
420,Terreno de Venta Pomasqui con Casa 7.000 m² $850.000,Mitad del Mundo, Quito,USD 850.000,4 Estacionamientos,,,Publicado hace más de 1 año,,
421,Terreno en Av America por San Gabriel Para Edificio,Centro Norte, Quito,USD 550.000,0 Baños,,,Publicado hace más de 1 año,,
422,Terreno Industrial en Venta,Sangolqui, Quito,USD 3.710.000,0 Baños,,,Publicado hace más de 1 año,,
423,Terreno de Venta Quitumbe,Quitumbe, Quito,USD 48.000,1 Estacionamiento,,,Publicado hace 44 días,,
424,Vendo en Tumbaco a 2 Cuadras de La Av Principal 4188 m. Ideal Conjunto,Tumbaco, Quito,USD 711.960,0 Baños,,,Publicado hace más de 1 año,,
425,Vendo Terreno de 960 m² en Urbanización Los Arrayanes,Puembo, Quito,USD 368.000,0 Baños,,,Publicado hace 236 días,,
426,Hermoso Terreno San Miguel de Atalpamba, El Quinche,El Quinche, Quito,USD 75.000,3 Estacionamientos,,,Publicado hace 141 días,,
427,Puembo. 1.100 m² de Terreno en Urbanizacion Exclusiva. Sector Arrayanes,Puembo, Quito,USD 242.000,0 Baños,,,Publicado hace 90 días,,
428,Terreno de 10.400 m - El Quinche,El Quinche, Quito,USD 320.000,5 Estacionamientos,,,Publicado hace más de 1 año,,
429,Sin Intereses - Terreno Al Sur de Manta Cerca a La Playa de Puerto Cayo | Sd2,Centro Norte, Quito,USD 8.525,0 Baños,,,Publicado hace 63 días,,
430,Se Vende Lote de Terreno en La Ruta Viva,Cumbayá, Quito,USD 226.000,0 Baños,,,Publicado hace 35 días,,
431,Terreno en Puembo de 5 Ha - Sector 2da Cruz - Para Proyecto Cos 100%,Puembo, Quito,USD 4.940.000,0 Baños,,,Publicado hace más de 1 año,,
432,Yaruqui, 20.000 Mt. Ideal Para Proyecto Inmobiliario Vivienda Popular 19500 Mt.,Yaruqui, Quito,USD 1.170.000,0 Baños,,,Publicado hace más de 1 año,,
433,Vendo Terreno de 9.467 m² en Puembo a 5 Minutos del Club Los Arrayanes ($110 Cada m² Urbanizado),Puembo, Quito,USD 1.041.370,0 Baños,,,Publicado hace 273 días,,
434,Vendo Excelente Propiedad Ideal Para Proyecto de Departamentos,Quito Tenis, Quito,USD 410.000,0 Baños,,,Publicado hace más de 1 año,,
435,Vendo Terreno Esquinero en Pifo - Uso Multiple,Pifo, Quito,USD 88.000,0 Baños,,,Publicado hace más de 1 año,,
436,Vendo Terreno 6.697 m² Tumbaco Centro,Tumbaco, Quito,USD 1.050.000,0 Baños,,,Publicado hace más de 1 año,,
437,Tumbaco, Terreno en Venta, 7000 m²,Tumbaco, Quito,USD 840.000,0 Baños,,,Publicado hace más de 1 año,,
438,Vendo Terreno 1057 m² Sector Diego de Almagro 12 Pisos,Norte de Quito, Quito,USD 1.470.000,0 Baños,,,Publicado hace 31 días,,
439,Para Constructores. Vendo Terreno en La Armenia 1,La Armenia, Quito,USD 599.610,0 Baños,,,Publicado hace 126 días,,
440,Terreno Plano de Oportunidad en Campo Alegre,Norte de Quito, Quito,USD 1.500.000,10 Estacionamientos,,,Publicado hace más de 1 año,,
441,Vendo Terrenos de 2516 m y 3771 m en Urbanización en Puembo,Puembo, Quito,USD 352.240,0 Baños,,,Publicado hace 24 días,,
442,Sector El Colibri en Los Chillos Terreno en Venta,Sangolqui, Quito,USD 38.500,0 Baños,,,Publicado hace 326 días,,
443,Terreno Comercial 24461,66 Mtr de Venta a La Via Sector Colibri,Sangolqui, Quito,USD 130,0 Baños,,,Publicado hace más de 1 año,,
444,Inmobusiness Vende / Arrienda Terreno Sector Carcelén Industrial,Carcelén, Quito,USD 500.000,0 Habitaciones,,,Publicado hace 77 días,,
445,Terreno Via a Pillagua Para Proyecto,Cumbayá, Quito,USD 418.000,0 Baños,,,Publicado hace 288 días,,
446,Se Vende Hermoso Terreno Hacienda Santa Rosa de Lima Sangolqui,Los Chillos, Quito,USD 98.000,0 Baños,,,Publicado hace 88 días,,
447,Cumbayá, Urbanización Los Aromitos de 1.808 m², Cerca Al Colegio Menor,Cumbayá, Quito,USD 632.800,0 Baños,,,Publicado hace más de 1 año,,
448,Ecuatoriana Vende Terreno 450 m,Sur de Quito, Quito,USD 67.000,0 Baños,,,Publicado hace más de 1 año,,
449,Credito Directo, Urb. Olinas del Mar, Lotes de 185 m², Playa de Puerto Cayo. S1,Centro Norte, Quito,USD 10.200,0 Baños,,,Publicado hace 4 días,,
450,Jipijapa Vendo Terreno Estratégico, Esquinero 400 m² Plaza de Toros,Centro Norte, Quito,USD 400.000,2 Estacionamientos,,,Publicado hace 113 días,,
451,Terreno de Venta en Yariqui Plano de 39.200 m²,Yaruqui, Quito,USD 2.200.000,0 Baños,,,Publicado hace más de 1 año,,
452,Terreno Venta Ubicado en La Armenia Country Club507 m Totalmente Urbanizado,La Armenia, Quito,USD 113.000,0 Baños,,,Publicado hace más de 1 año,,
453,Terreno en Puembo en Urb Ing Quimicos por Arrayanes a $170 por m²,Puembo, Quito,USD 255.000,0 Baños,,,Publicado hace más de 1 año,,
454,Vendo Espectacular Terreno Cerca Ruta Viva,Cumbayá, Quito,USD 185.000,0 Baños,,,Publicado hace más de 1 año,,
455,San Fernando, Terreno en Venta, 920 m²,Norte de Quito, Quito,USD 260.000,0 Baños,,,Publicado hace más de 1 año,,
456,Vendo Terreno en Tumbaco Sector El Arenal,Tumbaco, Quito,USD 282.000,0 Baños,,,Publicado hace más de 1 año,,
457,Terreno en Venta, Sector Santa Inés - Cumbayá,Cumbayá, Quito,USD 704.240,0 Baños,,,Publicado hace 51 días,,
458,Terreno en Venta Urbanizacion Sangolqui Inchalillo,Sangolqui, Quito,USD 49.000,0 Baños,,,Publicado hace más de 1 año,,
459,Terreno de Venta Eloy Alafaro 2.032 m² $6´000.000,Centro Norte, Quito,USD 6.000.000,0 Baños,,,Publicado hace más de 1 año,,
460,Vendo 4170 m² a 50 m de La Ruta Viva Sector Rumihuaico,Tumbaco, Quito,USD 890.000,0 Baños,,,Publicado hace más de 1 año,,
461,Vendo Terreno en Pifo - Via a Papallacta en Derechos y Acciones,Pifo, Quito,USD 175.000,0 Baños,,,Publicado hace 283 días,,
462,Vendo Terreno Urbanizado Sur,Sur de Quito, Quito,USD 26.500,0 Baños,,,Publicado hace 84 días,,
463,Terreno 1,137 m², Usd.68.000. Mitad Mundo,Mitad del Mundo, Quito,USD 68.000,0 Baños,,,Publicado hace más de 1 año,,
464,2 Hect. Planas en Checa, Sector Quintas Usd 45 X Metro Ofertable,Checa, Quito,USD 900.000,0 Baños,,,Publicado hace 235 días,,
465,Vendo Terreno Industrial I4, Industrial Peligroso, Quito,Norte de Quito, Quito,USD 253.281,1 Estacionamiento,,,Publicado hace más de 1 año,,
466,Vendo 22 Lotes de Terreno en Yaruqui - Sector El Tejar Facilidades de Pago,Yaruqui, Quito,USD 8.000,0 Baños,,,Publicado hace 131 días,,
467,Venta Lindo Lote 4500 m, a $133 El m² Nayon ($600,000),Nayón - Tanda, Quito,USD 600.000,0 Baños,,,Publicado hace 78 días,,
468,Terreno de Venta en Calderon Sector Llano Grande de 6379 m,Calderón, Quito,USD 640.000,0 Baños,,,Publicado hace 120 días,,
469,Se Vende Terreno con Galpón Sector Carcelén Industrial,Carcelén, Quito,USD 1.000.000,20 Estacionamientos,,,Publicado hace 35 días,,
470,Terreno de Venta en Pifo,Pifo, Quito,USD 85.000,0 Baños,,,Publicado hace 54 días,,
471,Venta Terreno 1.219 m² Conjunto Privado Nayon,Nayón - Tanda, Quito,USD 298.000,0 Baños,,,Publicado hace más de 1 año,,
472,Cumbaya Terreno de Venta en Urb. Exclusiva Sector Colegio Menor,Cumbayá, Quito,USD 500.000,0 Baños,,,Publicado hace más de 1 año,,
473,Terreno de Venta; Av Amazonas Cerca del Mall El Jardín,Centro Norte, Quito,USD 950.000,7 Estacionamientos,,,Publicado hace más de 1 año,,
474,Lindo Terreno en Tumbaco, Sector Santa Rosa, Independiente,Tumbaco, Quito,USD 135.000,0 Baños,,,Publicado hace más de 1 año,,
475,Vendo de Oportunidad Terrenos en La Av Ilaló Desde $32.300 ($175 C/m²) Lotes Desde 182 m²,Quito, Pichincha,USD 32.300,0 Baños,,,Publicado hace 174 días,,
